app_id,app_name,avg_review_score,review_count,similarity_score
13240,Unreal Tournament: Game of the Year Edition,0.9425414364640884,905,0.42041663189228834
434250,Masked Shooters 2,0.45528455284552843,246,0.41267742266664686
