app_id,app_name,avg_review_score,review_count,similarity_score
291480,Warface,0.2691613524244977,8311,0.3922169272598116
70,Half-Life,0.9298339582217461,7468,0.380420911487755
